{"tshours": 10.0123, "T_HT_cold_htf_des": 305.01234, "W_dot_pc_thermo_des": 100.01234, "cop_hp_thermo_des": 1.320123, "eta_pc_thermo_des": 0.45160123, "T_HT_hot_htf_des": 557.01234, "T_CT_hot_htf_des": 25.01234, "T_CT_cold_htf_des": -51.730123, "f_hp_parasitic_des": 0.0190123, "heat_pump_HT_HTF_pump_coef": 0.400123, "heat_pump_CT_HTF_pump_coef": 0.210123, "f_pc_parasitic_des": 0.0220123, "pb_pump_coef": 0.370123, "CT_pb_pump_coef": 0.220123, "heat_pump_spec_cost": 526.510123, "cycle_spec_cost": 474.990123, "tes_spec_cost": 10.200123, "CT_tes_spec_cost": 18.670123}